sub,covid_emo_distress_1_1,covid_emo_distress_1_2,covid_emo_distress_1_3,covid_emo_distress_1_4,covid_emo_distress_1_5,covid_emo_distress_1_6,covid_emo_distress_1_7,covid_emo_distress_1_8,covid_emo_distress_2_1,covid_emo_distress_2_2,covid_emo_distress_2_3,covid_emo_distress_2_4,covid_emo_distress_2_5,covid_emo_distress_2_6,covid_emo_distress_2_7
1,63,71,69,36,59,38,58,64,70,68,67,60,48,44,69
2,100,17,41,90,65,41,15,27,88,88,59,87,88,4,82
3,28,83,10,13,17,28,8,18,19,15,3,10,12,65,10
4,32,77,47,84,39,20,18,25,18,11,7,5,11,40,16
5,100,0,100,100,100,100,100,100,20,70,20,40,20,70,15
6,60,40,95,80,45,15,90,100,59,65,40,65,55,45,35
7,96,15,10,67,84,89,79,81,67,72,25,82,82,4,35
8,70,31,33,38,65,58,51,68,60,51,35,51,74,38,59
9,60,34,0,95,70,0,0,0,30,41,14,78,15,6,0
10,78,60,69,99,88,80,8,24,98,91,88,83,97,22,73
11,100,26,100,100,100,0,23,0,100,100,100,99,99,8,98
12,34,76,56,74,29,32,29,40,50,41,35,63,30,41,35
13,76,11,39,85,56,29,76,88,36,69,41,60,52,39,32
14,80,30,30,60,0,70,0,40,80,21,20,38,70,8,100
15,82,6,65,54,69,32,46,45,41,61,53,70,56,33,52
16,100,14,100,100,100,100,0,100,73,100,74,91,80,13,88
17,62,66,27,97,28,74,26,65,30,41,44,44,41,26,37
18,72,27,62,77,48,58,0,64,59,53,58,59,43,58,52
19,93,11,81,74,7,96,94,95,6,78,79,72,66,22,86
20,76,37,78,100,74,0,0,87,29,42,48,54,46,35,42
21,69,62,23,58,36,70,19,29,33,39,40,68,60,28,36
22,79,5,55,69,70,62,14,21,83,80,76,85,83,0,32
23,62,89,5,60,6,7,1,2,30,6,7,7,43,62,3
24,78,0,61,80,52,16,0,60,52,40,39,54,57,20,35
25,76,36,36,77,46,60,0,35,50,60,60,60,61,55,0
26,90,12,65,98,74,72,52,74,5,16,22,19,26,0,7
27,10,90,10,10,10,10,10,20,0,5,0,5,0,80,5
28,60,27,70,84,45,25,25,31,53,43,33,31,64,40,56
29,81,27,90,100,59,30,83,92,76,87,94,88,73,20,73
30,95,24,75,100,100,13,100,100,92,88,14,92,84,3,100
31,100,9,100,100,81,24,0,0,73,95,100,100,97,46,88
32,9,57,6,67,80,0,0,90,5,3,7,5,2,82,0
33,100,4,96,100,89,13,100,100,78,98,89,99,96,3,66
34,100,0,100,100,100,0,0,69,100,100,100,100,100,0,100
35,65,66,76,53,79,80,67,66,66,68,79,72,61,68,39
36,76,21,55,69,61,34,65,61,57,65,36,58,55,32,53
37,100,13,78,90,87,90,80,84,100,100,98,97,100,38,95
38,58,87,40,64,6,3,0,42,50,57,8,46,16,74,7
39,100,0,15,86,5,100,100,100,90,100,69,100,84,0,0
40,65,22,9,83,62,100,36,100,96,97,97,96,100,0,100
41,90,15,75,75,85,30,90,90,85,77,15,85,89,15,67
42,60,40,57,74,60,43,2,2,41,55,45,54,66,27,38
43,1,100,30,74,3,100,15,8,3,2,2,6,3,93,7
44,16,81,54,87,0,74,0,20,32,53,54,58,46,77,18
45,80,30,85,100,95,10,70,95,80,85,85,95,100,35,75
46,76,55,63,96,51,51,51,77,45,59,51,68,53,41,30
47,80,50,70,90,70,10,0,80,70,90,60,90,90,10,60
48,44,62,67,89,40,1,2,64,55,12,13,21,34,1,0
49,70,20,70,70,30,60,20,25,40,70,70,70,70,15,75
50,85,28,68,75,73,15,77,83,69,65,62,72,59,71,59
51,29,61,39,71,28,0,0,87,0,9,0,8,0,0,0
52,71,25,71,100,71,73,0,89,66,67,68,69,68,22,71
53,51,22,51,0,100,0,0,100,75,79,0,49,79,0,66
55,100,0,100,100,100,17,0,0,100,100,100,100,100,0,100
56,100,22,68,100,100,32,0,0,61,79,61,100,81,0,76
57,80,29,29,100,43,68,100,100,15,24,32,14,32,20,43
58,97,3,86,91,84,90,60,89,93,96,90,97,100,29,100
59,41,65,24,73,51,13,66,100,33,62,63,64,57,29,45
60,100,0,100,84,100,0,0,100,100,100,100,100,100,0,0
61,50,50,40,80,50,15,0,100,10,10,10,10,5,50,0
62,10,75,10,40,70,91,58,88,30,55,30,55,74,83,16
63,52,66,5,100,12,62,9,62,41,5,6,9,17,25,14
64,38,54,37,37,26,63,59,41,34,29,35,33,35,40,32
65,80,0,24,60,100,100,50,51,100,60,21,40,75,14,100
66,100,51,98,98,99,99,13,87,74,74,75,75,75,32,75
67,21,83,12,26,11,8,13,10,8,6,6,5,7,73,3
68,66,26,65,64,69,75,23,64,52,59,62,70,52,17,20
69,61,29,30,75,67,77,31,16,31,64,58,60,33,36,67
70,100,9,100,100,61,5,0,7,100,50,31,93,92,8,0
71,50,30,65,85,55,80,0,0,30,50,50,50,50,35,85
72,100,18,27,89,89,92,0,100,80,82,59,84,71,0,53
73,10,80,5,10,5,20,60,10,50,0,0,0,50,50,0
74,100,0,75,83,50,87,51,24,100,100,100,100,100,0,100
75,100,0,80,90,100,65,0,0,60,100,100,100,80,0,73
76,99,6,93,92,31,96,95,100,87,100,100,99,98,0,55
77,100,17,80,96,99,100,100,99,100,99,100,99,98,0,100
78,100,50,100,100,100,0,0,0,75,100,100,100,100,100,100
79,61,28,60,79,68,70,24,56,34,44,45,69,43,26,13
80,100,1,100,100,100,100,100,99,100,100,100,100,100,0,100
81,70,30,50,100,80,5,0,52,50,70,50,90,75,20,0
82,100,70,1,100,10,0,0,25,70,70,70,95,25,10,0
83,100,11,78,78,78,61,66,68,43,67,56,71,61,1,3
84,100,16,87,100,90,34,51,85,80,100,50,87,100,0,73
85,20,92,91,83,10,12,75,100,4,1,0,60,82,91,0
86,100,0,80,100,80,10,100,100,70,100,80,100,50,0,50
87,10,97,5,5,0,0,0,0,90,5,0,0,1,100,0
88,70,40,80,100,10,45,0,0,95,100,100,100,80,25,70
89,75,40,70,100,80,40,70,70,60,75,65,75,75,10,50
90,20,61,21,49,7,0,0,0,16,7,0,10,32,21,4
91,61,51,32,49,44,37,27,48,28,21,22,27,51,45,53
92,80,56,25,90,35,20,2,5,89,86,22,87,61,19,73
93,51,31,78,83,81,19,0,23,26,42,28,65,46,41,0
94,87,86,85,82,81,84,86,84,20,21,23,19,21,22,19
95,100,0,75,100,100,10,100,100,100,100,90,100,100,0,75
96,25,76,12,12,24,30,9,60,15,21,0,17,17,51,18
97,35,64,7,30,3,24,57,55,32,15,8,15,23,21,6
98,70,45,85,95,90,40,5,5,70,80,75,75,90,25,15
99,65,65,42,91,75,23,74,75,70,57,17,67,97,9,0
100,44,53,45,44,54,45,46,54,61,40,36,44,53,43,42
101,9,51,51,82,61,0,0,0,20,0,0,0,0,50,0
102,19,85,58,82,79,10,3,1,80,17,4,40,83,70,53
103,71,51,71,52,51,61,53,51,65,51,52,50,51,32,52
104,90,22,21,78,62,73,73,75,97,89,44,67,59,4,79
105,100,0,100,100,100,50,75,74,100,100,71,99,100,18,85
106,82,60,20,100,78,18,0,0,70,41,14,69,81,20,20
107,100,100,100,100,81,26,30,39,80,72,86,73,78,28,75
108,30,69,12,51,4,33,8,47,20,17,12,21,8,16,3
109,75,40,65,57,61,63,53,73,95,67,53,73,79,31,90
110,21,86,6,13,9,29,0,1,9,5,0,1,1,91,1
111,100,51,87,100,86,8,80,95,88,95,68,94,91,7,78
113,95,33,73,100,100,95,0,0,68,86,32,71,69,69,29
114,15,88,15,42,16,89,10,7,28,11,3,10,5,83,9
115,70,30,70,100,70,0,80,100,100,70,20,80,70,20,50
116,60,56,20,80,30,12,25,45,40,40,10,60,20,40,11
117,92,34,68,100,93,84,0,64,66,78,76,84,77,10,70
118,90,60,60,90,71,80,16,17,40,60,30,60,30,45,40
119,38,56,41,72,77,32,0,1,0,29,1,11,1,34,0
120,0,100,83,90,20,0,81,81,0,0,1,63,1,51,1
121,81,66,8,7,7,5,0,0,75,56,14,15,55,73,0
122,70,50,51,79,74,26,24,70,21,28,28,28,28,11,0
123,92,11,92,100,100,100,70,91,82,92,63,93,94,0,59
124,60,80,35,100,10,0,0,0,0,0,0,0,0,30,0
125,71,28,58,84,96,26,77,7,100,62,41,68,73,14,67
126,30,70,29,30,14,0,38,37,22,5,0,5,22,75,0
127,20,100,25,30,25,0,0,0,39,0,0,0,61,65,0
128,80,70,60,100,90,40,80,25,85,50,40,90,90,15,70
129,97,69,64,92,94,100,51,66,77,77,89,76,94,31,53
130,29,87,16,20,17,12,13,14,25,21,19,28,21,78,18
131,100,14,85,3,65,38,0,0,61,70,54,73,73,0,1
132,27,81,19,58,51,58,38,61,24,4,12,24,16,48,5
133,80,45,60,75,80,25,30,60,90,60,10,70,80,20,45
134,100,6,85,98,60,4,1,25,97,86,40,61,89,4,1
135,75,11,81,99,20,11,0,0,95,89,90,91,98,13,43
137,50,100,100,100,20,60,0,0,100,59,40,50,70,50,0
138,68,33,59,56,20,31,39,33,14,65,19,60,31,5,7
139,56,32,0,100,61,24,100,100,42,36,16,41,11,63,1
140,72,21,42,65,61,73,12,14,84,78,57,70,83,11,78
141,100,0,50,50,0,100,100,100,60,100,60,100,100,0,50
142,75,25,40,100,40,70,0,0,40,15,0,40,10,60,0
143,100,100,100,100,70,100,100,100,100,100,80,100,74,50,0
144,50,82,1,1,1,67,1,1,11,11,3,12,5,86,4
145,20,90,35,30,25,0,0,10,0,5,0,5,0,90,0
146,51,60,17,28,50,3,20,11,20,30,1,18,62,9,17
147,100,0,84,100,100,100,100,100,100,100,100,99,100,0,100
148,80,78,19,83,85,99,98,99,61,85,15,89,71,43,48
149,98,19,50,98,98,98,6,30,87,90,92,87,90,27,49
151,41,62,35,68,30,53,22,23,38,38,9,45,48,20,0
152,100,10,40,100,75,0,0,0,100,90,60,100,100,75,80
153,20,0,0,100,0,100,100,100,0,100,0,15,0,0,0
154,100,20,80,100,90,40,90,90,90,100,60,90,90,35,60
155,100,0,77,100,87,85,0,0,94,86,46,86,92,14,74
156,30,67,12,42,27,22,13,51,19,26,21,27,10,51,12
157,66,28,59,80,43,24,32,18,18,11,26,15,9,70,24
158,100,20,86,100,100,0,0,0,27,82,61,80,81,25,21
159,100,0,82,75,75,17,30,18,60,73,74,73,77,7,68
160,70,44,0,0,0,0,72,58,21,24,23,21,68,54,0
161,93,5,54,86,96,91,97,98,84,80,17,92,81,51,10
162,100,8,91,94,100,100,80,94,100,100,100,100,100,78,80
163,98,8,100,100,74,87,0,77,81,92,28,81,92,3,31
164,5,90,10,20,20,10,5,10,5,5,0,5,5,80,0
165,100,4,100,100,100,71,7,100,100,99,5,100,100,1,15
166,100,31,100,100,84,84,100,99,100,100,86,100,100,27,0
167,91,16,38,74,30,91,16,12,78,62,88,59,100,25,63
168,10,90,0,25,0,0,0,0,10,0,0,0,0,0,0
169,100,0,99,100,100,100,99,100,82,86,87,88,89,23,96
170,75,41,60,76,80,32,66,69,66,55,43,60,78,39,61
171,100,16,56,100,90,0,63,100,67,100,89,100,85,66,89
172,100,9,83,86,88,26,0,51,100,89,50,80,81,0,42
173,82,34,54,100,100,74,75,100,40,79,7,83,78,30,23
174,100,0,25,100,70,0,0,100,100,100,25,75,90,0,50
175,90,51,51,81,19,0,0,0,51,33,6,61,65,0,55
176,29,47,50,56,40,4,17,45,9,16,11,13,12,39,4
177,75,40,43,100,66,73,63,60,43,69,45,79,65,26,67
178,65,60,70,70,40,20,100,100,60,50,0,60,100,40,30
179,92,78,51,77,93,93,51,100,0,62,0,43,1,30,1
180,51,74,58,70,78,83,30,18,67,79,38,57,66,13,29
181,95,40,75,95,95,65,15,40,75,75,75,90,75,70,40
182,0,51,51,75,0,80,0,77,25,0,0,0,75,60,0
183,75,56,57,67,33,56,93,95,41,60,22,60,60,34,34
184,55,40,30,90,70,65,75,75,45,50,30,60,45,20,60
185,100,29,73,91,90,21,82,79,74,76,78,69,75,13,79
186,100,0,100,100,100,0,0,0,20,20,20,100,20,0,100
187,10,0,100,100,85,85,50,100,90,100,85,95,100,0,50
188,70,51,61,70,83,8,0,25,71,39,12,60,74,73,0
189,73,17,22,85,17,11,12,12,0,21,16,17,19,66,17
190,60,51,10,75,30,0,0,0,15,10,0,10,45,55,0
191,100,30,15,95,100,90,7,45,42,75,32,43,91,0,33
192,73,42,64,86,58,63,17,77,13,59,53,64,58,26,39
193,60,50,70,85,40,65,50,20,60,65,25,60,45,50,30
194,70,40,20,25,85,55,0,100,80,40,5,70,55,10,5
195,30,70,19,67,21,58,37,44,91,38,29,37,47,65,31
196,63,45,47,70,60,63,27,87,66,53,51,61,66,43,38
197,77,83,91,100,100,0,88,100,100,73,51,71,100,0,100
198,84,4,64,73,38,0,100,100,83,70,32,63,95,18,67
200,96,24,40,86,58,76,0,0,56,78,13,78,34,61,0
201,75,50,40,70,35,40,0,0,55,40,30,50,65,20,30
202,100,1,87,91,92,94,58,85,85,88,87,90,91,93,92
203,100,100,100,100,100,100,100,100,90,100,60,100,100,0,100
204,90,10,40,100,55,100,0,0,90,100,70,100,100,0,32
205,51,68,51,70,21,9,5,13,19,17,3,29,37,58,7
206,100,0,61,100,62,100,100,100,100,100,100,100,100,9,100
207,71,20,74,86,75,100,75,75,95,70,60,70,90,25,35
208,29,68,58,70,34,64,35,20,7,9,7,4,6,92,2
209,81,39,68,97,15,12,13,100,22,79,28,100,23,51,0
210,65,90,5,55,5,0,0,0,0,0,0,0,5,10,0
211,84,13,17,80,63,28,98,99,30,75,13,57,69,27,13
212,54,74,61,54,95,1,0,60,18,60,52,57,55,75,37
213,66,80,40,92,81,69,9,22,62,62,62,72,78,73,71
214,43,65,25,52,1,0,0,0,31,2,0,6,32,8,0
215,61,50,22,44,9,17,5,60,54,39,7,52,52,81,3
216,86,39,85,92,74,5,100,100,100,90,10,100,100,10,64
217,80,30,70,90,100,10,0,60,85,90,65,90,95,10,0
220,70,41,13,32,46,94,60,71,26,59,50,53,50,37,59
221,100,0,63,100,100,0,0,97,72,86,100,100,100,83,73
222,85,12,32,70,70,25,63,70,61,61,54,63,84,34,61
223,68,92,16,73,71,73,28,79,69,66,63,62,63,82,36
224,100,2,100,100,100,99,1,51,97,100,99,98,99,51,51
225,90,10,92,88,79,21,63,93,33,59,53,73,34,15,22
226,14,81,19,0,5,3,0,0,10,3,1,1,0,46,0
227,40,51,20,20,60,0,0,60,20,20,0,10,0,70,0
228,30,80,65,80,15,15,5,70,70,10,15,15,70,70,15
229,100,40,70,100,80,50,60,60,80,100,55,100,90,35,60
230,91,30,90,100,90,30,100,100,95,75,30,95,85,20,80
231,100,5,100,100,85,0,0,91,100,100,100,100,92,10,0
232,90,51,30,80,90,90,80,75,100,70,30,85,100,65,100
233,60,40,20,85,10,30,0,0,20,20,15,20,20,15,5
234,77,59,17,72,21,14,81,96,27,61,24,68,61,28,31
235,100,0,12,100,100,100,100,100,100,100,100,98,100,0,90
236,0,100,80,70,50,50,0,0,0,0,0,51,0,100,0
237,61,19,80,92,21,67,85,84,77,50,24,76,81,7,65
238,76,12,18,70,14,40,22,32,35,64,17,27,7,23,20
239,75,70,80,60,75,35,0,40,25,60,35,70,20,55,0
240,85,35,55,100,65,5,55,70,70,65,60,65,80,45,90
241,77,43,90,92,64,10,81,80,71,63,37,77,68,13,63
242,50,86,35,1,1,0,0,4,23,2,2,45,1,50,0
243,84,7,72,74,73,39,64,53,18,60,64,64,61,5,23
244,80,0,70,95,80,55,50,75,80,80,65,75,80,40,75
245,70,45,47,59,64,43,36,45,58,55,41,57,57,55,43
246,30,30,24,86,42,33,15,52,52,40,0,10,29,40,16
247,76,30,19,91,93,92,92,93,71,72,41,71,69,39,51
248,99,1,100,98,98,27,46,45,88,98,88,97,91,3,51
249,7,94,9,16,1,1,0,1,23,2,0,4,18,74,1
250,10,100,0,70,0,0,0,0,25,0,0,0,25,75,0
251,76,24,34,71,20,20,87,88,50,66,32,65,56,41,66
253,18,91,9,83,7,0,0,20,40,8,8,20,8,77,9
254,55,78,56,66,0,0,0,0,32,35,0,29,28,0,0
255,90,10,90,90,80,60,70,90,60,80,75,80,80,40,40
256,90,61,80,100,66,0,0,20,60,70,35,87,19,10,0
257,75,50,50,75,100,0,0,50,0,50,50,50,0,20,0
258,35,60,50,75,40,5,10,10,75,25,0,20,70,40,20
259,85,25,25,95,60,15,80,80,80,61,30,75,100,10,35
260,72,55,69,100,40,60,100,99,64,58,58,59,60,45,58
261,100,50,100,100,100,0,0,50,70,100,50,100,70,0,50
262,80,18,60,92,81,10,61,91,61,61,20,79,85,20,19
263,100,0,30,100,100,100,100,100,100,100,100,100,100,0,100
264,93,20,38,63,75,55,60,85,71,56,40,65,60,45,30
265,90,60,55,85,65,95,0,75,35,25,5,65,10,30,0
266,8,75,27,29,16,0,0,8,4,7,6,11,17,56,0
267,80,11,90,100,100,3,0,90,78,81,60,91,100,18,0
268,6,94,7,7,0,6,0,1,8,7,5,4,5,20,0
269,100,0,74,74,100,0,100,100,72,100,100,100,100,47,24
270,95,57,68,80,30,19,53,59,29,55,32,61,58,47,50
271,32,72,8,70,17,2,60,59,72,15,14,13,61,63,1
274,100,69,80,100,90,10,0,80,80,80,10,90,75,0,0
275,100,7,58,92,64,86,59,100,84,100,73,100,100,17,34
276,71,74,71,71,34,17,0,56,81,53,44,45,55,16,0
277,75,49,0,21,16,87,100,100,62,55,0,52,59,66,8
278,65,41,51,84,25,59,51,82,40,56,32,60,51,44,51
279,80,55,30,60,75,55,65,60,45,60,20,70,55,5,75
280,30,80,50,87,0,0,0,82,0,5,0,5,0,50,0
281,75,40,10,80,40,6,99,100,85,70,30,75,85,40,20
282,80,42,59,57,71,61,57,70,57,45,31,43,26,18,31
283,51,51,45,89,36,43,59,45,70,36,27,37,44,47,5
284,40,60,0,45,41,0,0,0,0,0,0,10,0,30,0
285,48,46,63,70,42,26,9,55,43,46,31,44,39,83,33
286,20,100,0,100,0,0,100,100,30,0,0,30,0,50,0
287,70,60,40,85,65,77,84,95,30,50,19,77,60,30,17
288,83,14,61,90,76,21,75,93,14,59,47,64,20,6,4
289,70,61,61,80,60,0,80,82,61,56,12,58,90,58,12
290,100,20,80,100,100,80,0,80,100,100,70,100,100,20,100
291,20,65,25,60,15,0,0,10,10,15,0,25,0,50,0
292,73,31,78,82,67,79,73,62,80,72,83,81,78,34,48
293,76,38,39,77,74,70,72,72,72,72,73,73,75,54,64
294,60,31,24,55,20,74,0,60,10,10,0,15,3,12,0
295,89,25,74,97,78,2,14,94,66,66,24,80,54,34,65
296,100,30,70,100,85,70,85,100,70,70,65,100,55,0,60
297,70,30,60,100,79,13,100,90,20,35,10,80,63,16,10
298,30,75,40,67,30,25,100,100,30,20,2,30,70,20,10
299,51,51,22,15,0,91,0,0,10,4,0,5,7,15,6
300,90,30,25,100,85,10,20,20,70,90,40,100,60,0,40
301,10,95,5,80,0,25,0,0,40,0,0,55,0,25,0
302,70,50,50,70,20,20,75,75,20,70,20,70,70,10,10
303,51,50,51,90,51,51,7,7,51,51,51,51,51,63,51
304,89,26,8,86,0,25,0,0,5,0,0,0,4,84,0
305,91,20,71,88,76,99,0,52,69,80,80,76,74,17,39
306,10,47,69,72,30,6,30,63,9,15,1,13,23,46,3
307,78,11,56,96,96,3,2,3,84,64,45,65,54,47,14
308,81,89,20,21,8,13,32,13,20,10,1,7,7,59,1
309,19,83,19,51,39,3,1,1,25,8,1,30,24,33,1
310,90,10,67,83,38,30,19,100,100,94,40,93,80,3,72
311,92,27,93,99,99,72,93,92,41,91,26,97,97,43,3
312,91,8,93,95,95,95,67,67,61,85,41,87,86,0,73
313,52,69,53,62,10,0,0,0,23,18,9,61,22,53,0
314,100,4,73,100,88,96,8,7,93,97,57,100,91,2,64
315,91,20,70,100,20,51,0,0,60,70,60,75,40,30,51
316,97,4,90,93,99,9,74,100,85,99,93,99,88,38,69
317,37,72,61,94,31,0,0,52,30,41,19,52,73,71,14
318,10,90,15,35,20,20,0,10,5,5,5,5,75,35,0
319,58,41,27,64,24,25,10,22,67,13,12,16,56,30,57
320,95,90,30,100,10,0,0,0,70,65,40,65,90,0,0
321,99,19,59,94,59,6,1,78,78,94,38,98,97,8,20
322,60,50,57,73,50,57,61,76,10,50,45,50,44,0,45
324,75,50,70,95,60,25,70,90,55,55,50,70,70,55,30
326,72,37,72,84,70,89,86,84,56,71,41,75,70,13,69
327,11,37,5,10,33,19,2,2,20,9,5,7,7,69,6
328,85,50,85,100,85,85,100,100,50,85,50,85,50,40,15
329,82,80,70,54,86,89,66,35,43,61,8,15,34,73,65
330,4,98,3,20,48,0,100,82,8,6,0,3,3,78,6
331,92,35,20,74,60,54,69,92,79,82,47,87,87,42,81
332,20,97,18,56,60,11,6,30,32,23,12,20,21,59,14
333,51,100,0,20,0,0,0,20,0,0,0,21,0,85,0
334,100,11,88,100,100,73,0,100,100,100,100,100,100,0,82
335,10,95,0,57,0,0,0,0,15,0,0,58,0,51,0
336,60,25,1,50,5,10,85,75,30,25,0,60,0,5,15
337,30,68,10,30,69,12,54,55,20,20,10,45,35,80,5
338,69,30,59,93,74,84,35,60,74,86,63,73,86,60,71
339,75,47,55,60,60,10,75,55,45,55,10,70,30,40,50
340,80,25,30,85,65,20,76,91,65,70,60,68,58,45,55
341,10,100,0,0,60,0,100,100,10,10,0,10,80,50,0
342,84,11,51,75,73,80,70,75,52,74,64,75,78,5,66
343,29,69,19,80,18,0,0,24,94,0,0,21,100,2,0
344,73,24,68,96,64,78,14,100,73,78,26,70,93,34,0
345,63,83,46,84,75,24,34,79,30,56,47,65,31,82,52
346,66,75,85,100,77,0,70,76,62,61,52,58,52,93,11
347,90,20,100,100,100,90,100,50,90,90,85,90,70,50,70
348,14,70,20,30,41,13,61,70,25,17,10,9,64,75,89
349,65,85,15,100,15,0,0,0,10,10,5,20,15,80,0
350,61,41,31,30,70,11,37,72,59,46,10,42,57,41,30
351,4,95,2,69,49,5,13,17,44,31,22,14,16,73,10
352,31,72,58,98,32,15,60,72,21,22,4,30,30,7,8
353,62,50,77,79,50,71,3,62,29,30,30,25,27,75,12
354,77,75,0,73,0,0,65,28,77,78,0,85,69,0,0
355,61,56,55,31,43,57,0,0,33,36,16,53,31,46,1
356,55,70,20,30,20,40,0,20,30,30,15,30,30,60,0
358,90,0,70,80,100,10,65,10,60,70,70,70,65,20,50
359,77,26,41,66,89,7,0,24,83,64,16,76,87,5,79
360,99,18,99,100,100,82,46,50,91,99,100,100,99,32,76
361,80,55,62,92,71,46,0,56,54,56,12,85,77,39,0
362,95,60,19,33,95,60,0,51,85,91,51,98,92,33,51
363,80,43,62,97,62,88,7,4,70,65,30,76,58,64,17
364,100,19,61,94,63,63,69,81,100,100,22,100,100,0,84
365,0,0,0,0,0,0,0,0,0,0,0,0,0,100,0
367,61,39,28,72,62,25,1,2,61,31,18,19,62,90,10
368,30,50,60,97,10,30,0,0,70,51,4,60,70,40,51
370,0,100,0,0,0,100,0,0,0,0,0,0,0,50,0
371,0,91,5,15,0,0,0,0,2,0,0,0,0,100,0
373,89,15,49,61,59,20,17,18,85,47,37,41,53,23,66
374,60,80,56,90,38,9,51,67,30,29,29,58,39,56,16
375,89,61,15,44,39,37,37,64,89,64,70,96,70,60,13
376,5,95,10,50,20,10,55,50,15,5,0,5,5,15,0
377,98,15,97,97,64,65,2,98,32,76,58,73,60,8,36
378,68,59,19,70,8,37,100,67,88,41,21,68,81,24,0
379,30,60,50,66,18,11,55,55,60,35,10,27,55,4,4
380,86,8,38,100,59,100,8,100,64,56,65,69,68,75,27
381,27,77,24,65,21,9,9,13,45,33,5,21,19,27,38
382,20,80,20,60,10,0,0,10,30,20,10,30,60,0,0
383,30,70,20,25,40,80,0,20,40,20,5,10,30,80,0
384,60,50,60,90,60,10,50,65,55,50,0,50,70,75,25
385,56,85,55,55,45,5,60,60,20,20,15,15,10,45,10
386,5,70,0,0,0,50,0,75,0,0,0,0,0,100,0
387,100,51,100,100,90,0,0,50,100,100,50,100,80,10,0
388,100,13,51,51,79,80,1,99,80,90,9,89,97,2,0
389,99,25,85,100,90,10,85,80,95,99,85,98,95,65,85
390,25,76,6,92,3,2,0,1,0,1,0,3,11,0,0
391,20,90,30,95,75,0,0,0,10,20,10,15,5,85,5
392,69,61,36,83,58,36,37,100,43,59,59,71,67,52,33
393,98,0,70,71,0,100,0,0,99,98,98,99,100,6,0
394,63,1,99,85,0,6,50,50,0,0,0,0,0,50,0
395,100,12,90,100,80,89,72,100,80,92,81,85,91,10,70
396,100,0,94,88,100,100,60,78,100,100,88,100,92,3,66
397,60,70,30,80,15,15,60,65,5,15,2,9,3,25,25
398,70,50,40,70,0,70,0,60,80,60,55,60,70,20,50
399,0,100,0,60,0,0,60,35,0,0,0,0,0,100,55
400,10,50,10,94,30,0,0,5,5,5,0,7,0,50,0
401,70,51,20,91,51,0,74,75,22,51,30,71,75,51,53
402,68,88,27,80,15,19,100,100,23,22,15,15,55,85,43
403,60,0,100,100,100,0,50,50,50,50,10,100,50,50,0
404,55,85,15,72,89,54,54,54,40,41,9,41,15,59,10
405,86,68,59,91,79,42,23,68,61,68,61,81,84,44,60
406,88,60,100,95,100,65,0,0,40,65,25,90,50,20,0
407,61,30,84,93,77,8,35,62,83,38,9,74,38,8,53
408,70,50,40,80,30,10,0,20,70,50,50,50,70,70,50
409,71,10,83,100,92,11,0,100,51,51,51,83,51,51,0
410,18,90,4,95,13,17,0,0,20,3,0,35,51,43,0
411,15,75,100,75,25,0,100,100,20,20,10,75,10,75,50
412,60,30,30,60,20,25,10,25,55,35,10,40,55,55,55
413,95,40,90,10,85,10,80,10,40,60,60,75,60,40,75
414,75,50,60,81,81,60,81,81,80,61,15,81,81,15,10
416,90,60,50,83,100,100,0,60,0,60,0,30,0,45,15
417,68,12,51,8,68,0,0,20,96,91,38,76,89,17,15
418,95,35,75,75,95,0,0,0,70,90,70,90,70,20,50
419,60,61,22,51,31,69,43,32,62,41,19,25,51,21,51
420,70,45,100,100,90,25,0,65,45,85,10,90,70,30,0
421,10,79,8,10,35,4,4,4,40,10,5,10,15,40,25
422,60,100,71,100,40,80,75,80,52,52,31,60,70,70,19
423,0,100,0,0,5,0,0,5,20,0,0,5,2,100,0
425,0,0,0,0,0,0,0,0,0,0,0,0,0,100,0
426,81,45,79,80,80,66,42,82,66,72,72,68,64,37,63
427,11,100,11,90,0,0,0,0,20,20,20,20,20,20,20
428,83,70,90,93,73,92,34,90,66,91,60,97,85,36,89
429,94,3,95,96,96,50,0,50,86,96,79,97,80,36,50
430,65,60,40,60,95,55,5,55,20,45,30,40,60,0,10
431,81,71,61,61,75,26,47,70,71,63,49,64,59,74,41
432,97,3,0,7,0,51,100,93,82,52,51,82,81,7,51
433,20,70,63,59,56,26,11,26,70,51,0,67,70,8,100
434,59,7,62,100,35,0,100,100,61,69,84,98,70,0,33
435,34,45,50,71,32,16,0,0,16,27,14,33,5,35,20
436,30,75,30,61,100,0,0,50,40,40,0,20,52,81,0
437,61,84,10,79,0,84,0,0,64,18,0,26,12,60,0
438,15,62,41,37,23,20,34,24,25,20,17,20,30,74,80
439,2,97,0,68,2,51,52,78,31,9,7,56,38,29,22
440,50,90,20,75,20,10,35,75,15,15,10,25,15,25,25
441,45,55,55,75,45,5,80,85,75,45,45,45,55,60,25
442,11,90,20,19,89,0,0,0,20,0,0,0,0,40,5
443,100,15,12,85,59,21,100,84,80,68,74,74,77,34,79
444,80,60,50,50,75,35,0,50,70,75,60,70,70,40,0
445,48,74,20,64,23,0,0,0,23,11,0,3,8,50,0
446,75,40,60,75,60,40,75,90,60,60,25,55,55,25,25
448,76,20,80,100,95,10,0,66,80,70,40,80,100,0,75
449,10,88,11,12,9,10,9,11,87,10,11,10,9,88,13
450,75,30,70,90,75,0,25,60,60,55,45,70,70,25,60
452,41,67,42,59,62,21,37,59,58,58,39,65,62,81,40
453,100,0,30,100,100,0,0,100,100,100,60,100,100,8,0
454,25,85,25,25,25,75,75,75,25,25,25,25,50,85,15
455,100,14,80,81,81,73,85,68,100,100,79,100,100,30,83
456,7,96,8,6,2,70,51,49,16,15,6,0,6,17,17
457,55,95,4,60,5,48,0,20,10,1,0,6,10,85,0
458,80,85,90,100,100,20,46,46,100,100,20,100,0,30,30
459,90,100,10,10,5,0,0,0,80,60,0,5,60,60,0
460,91,92,100,100,95,89,0,87,51,83,84,92,51,51,18
461,90,15,100,100,100,10,80,90,80,90,50,90,90,10,50
462,0,100,0,0,0,0,0,0,13,0,0,0,20,100,0
463,15,70,0,40,50,80,0,5,60,60,10,20,40,90,0
464,79,51,82,94,82,84,51,91,51,79,57,88,89,16,81
465,90,50,20,100,0,90,100,100,80,80,0,30,0,50,0
466,75,60,20,40,60,70,15,10,85,70,40,80,90,55,30
467,20,80,30,40,20,20,20,20,10,10,10,20,30,70,10
468,94,30,75,91,88,84,0,0,54,85,76,88,26,14,76
469,91,20,79,97,60,74,100,100,81,81,82,82,99,7,60
470,71,60,30,79,70,32,83,70,60,68,58,52,61,79,74
471,75,59,0,88,43,46,62,45,23,7,0,9,25,0,19
472,91,15,15,100,41,90,3,5,79,89,46,88,59,16,1
473,30,84,25,75,25,19,1,5,4,56,1,7,24,84,0
474,33,50,50,50,100,51,50,100,33,33,33,33,16,50,33
475,98,61,98,99,100,59,99,91,92,83,93,99,73,37,91
476,70,20,60,60,70,40,80,90,70,70,40,70,80,30,50
477,90,10,80,100,90,0,80,100,70,60,10,80,60,10,60
478,60,57,44,43,33,44,6,70,25,25,25,58,59,42,42
479,71,41,68,78,77,41,68,91,74,76,56,74,87,73,60
480,60,70,20,60,100,100,10,0,15,55,25,55,55,45,50
481,27,81,95,92,11,7,4,20,1,2,2,2,4,40,2
482,20,94,0,20,0,1,0,0,6,5,0,11,11,15,0
483,84,36,57,82,72,64,34,66,54,60,52,53,67,67,80
484,0,100,50,50,0,0,0,0,0,0,0,0,0,100,0
486,88,25,4,85,64,95,95,99,69,92,40,92,81,11,91
487,26,90,94,100,68,0,0,83,16,25,14,24,0,68,0
488,69,68,87,99,61,85,60,97,59,71,31,77,70,83,57
490,51,76,31,98,23,7,3,15,15,51,4,29,2,51,6
491,62,41,50,51,51,42,5,5,40,40,8,40,25,50,7
492,100,0,100,100,100,0,0,100,100,100,100,100,100,25,0
493,15,85,75,65,10,0,0,0,15,20,0,20,5,15,0
494,100,35,93,35,94,23,0,75,72,88,83,100,85,31,0
495,80,30,55,85,90,10,0,0,80,75,5,80,70,0,0
496,12,81,26,67,28,15,4,30,15,28,23,24,22,0,10
497,20,90,10,10,0,0,0,0,5,5,0,5,10,90,0
498,81,49,29,79,100,33,0,34,70,35,9,81,100,0,5
499,86,30,89,73,91,87,96,92,86,85,83,83,87,87,85
500,10,90,10,30,30,30,0,0,60,20,20,20,60,50,0
501,65,55,61,85,75,75,60,45,60,60,50,60,80,25,75
503,26,84,8,30,73,7,0,0,24,11,6,21,90,69,2
504,92,28,54,100,39,55,0,51,73,56,26,60,72,59,0
505,70,80,40,55,50,10,35,100,50,55,50,60,50,45,20
506,40,81,68,99,44,44,14,53,31,33,3,32,16,5,6
507,100,2,98,100,67,72,100,100,99,99,99,100,100,3,23
508,0,100,0,0,0,0,0,0,0,0,0,0,0,100,0
509,10,90,30,38,10,0,0,0,30,1,0,1,0,70,0
510,91,18,29,86,76,92,51,30,61,65,59,81,93,17,10
511,20,76,25,100,61,0,0,92,34,5,2,67,35,11,0
512,50,70,50,70,50,0,0,50,25,25,0,70,15,25,0
513,79,16,52,95,75,2,0,0,61,66,55,85,55,2,0
514,10,92,20,50,0,0,0,0,10,0,0,10,0,99,0
515,10,70,1,75,60,15,10,5,30,15,5,15,35,40,30
517,100,30,100,100,100,10,0,20,60,100,85,100,100,0,90
518,50,50,50,100,50,0,100,100,0,50,50,50,50,100,0
519,69,51,62,75,38,82,0,60,79,33,0,34,68,0,0
520,63,28,53,73,61,87,53,61,80,65,31,73,67,18,57
521,10,91,8,8,8,58,0,0,61,30,6,6,11,75,0
522,0,100,0,0,0,0,0,0,0,0,0,0,0,2,0
523,70,51,85,96,20,20,80,87,81,82,40,51,83,91,60
524,14,81,14,64,80,2,0,0,21,4,4,70,69,50,0
525,90,10,80,95,60,10,20,25,80,90,60,90,90,5,90
526,83,30,84,83,93,24,73,96,78,86,86,92,90,39,77
527,5,10,10,20,31,41,0,12,20,5,0,0,14,0,1
528,100,0,77,84,100,51,0,100,100,100,80,100,100,50,100
529,100,51,55,90,51,0,51,51,0,21,9,23,0,0,2
530,80,41,50,50,75,75,0,0,70,62,40,75,80,44,0
531,0,100,0,0,0,0,0,0,0,0,0,0,0,100,0
532,100,0,51,100,51,100,100,100,54,51,76,77,77,100,100
533,60,93,61,78,97,19,0,37,82,56,35,60,81,29,22
534,100,18,98,100,100,100,100,96,94,99,100,99,100,18,84
535,70,40,50,60,40,55,0,80,20,40,19,20,15,40,20
536,50,90,75,40,10,10,20,60,85,56,0,20,100,40,0
537,100,14,100,100,100,0,0,72,80,92,38,100,86,0,51
538,80,30,59,100,36,0,40,100,70,45,30,70,15,55,15
539,51,50,51,100,51,26,0,0,51,51,29,35,48,0,0
541,75,45,75,90,80,10,0,10,60,59,33,60,75,33,10
542,0,100,0,18,0,0,0,0,10,0,0,0,0,26,0
543,90,50,75,100,100,85,0,100,100,100,80,100,100,70,50
544,9,100,0,64,0,0,0,0,100,11,0,18,3,0,0
545,90,15,61,76,89,10,0,0,80,80,60,92,78,8,79
546,90,65,65,90,85,60,0,65,75,65,65,80,80,70,10
547,100,36,100,100,100,10,0,90,100,100,42,100,100,13,0
548,75,51,22,32,20,0,0,0,81,72,0,73,49,19,0
550,19,90,19,19,3,4,0,6,51,17,17,17,0,84,0
551,81,38,30,58,9,0,0,0,30,0,0,0,24,49,1
552,66,57,65,67,73,11,1,69,30,42,10,28,65,51,5
553,70,50,54,59,59,59,90,100,50,56,40,55,56,26,30
554,100,0,100,100,100,100,100,100,80,100,80,100,90,0,75
555,100,1,2,86,0,100,1,100,88,100,97,100,100,57,4
556,66,60,71,80,59,51,51,74,67,71,51,65,66,72,70
557,30,70,40,70,20,10,0,20,25,20,20,20,20,20,0
558,13,67,7,43,54,12,1,51,22,11,7,6,3,49,5
559,88,80,65,90,0,3,95,100,25,93,8,86,64,86,0
560,20,80,40,60,51,10,10,10,60,10,0,10,0,0,0
561,93,61,63,77,59,5,80,85,41,64,16,29,60,20,84
562,81,25,60,82,82,31,100,100,60,59,11,69,89,55,51
563,68,17,54,88,44,40,73,57,66,52,43,55,65,38,76
564,99,32,73,100,100,100,51,100,99,100,100,100,100,0,51
565,5,94,65,75,5,5,75,75,10,10,10,5,15,95,5
567,51,76,19,51,19,20,20,51,20,20,20,19,18,51,1
568,20,90,20,95,15,10,0,65,52,25,5,70,85,35,0
569,88,35,77,83,73,68,61,65,80,88,66,95,80,29,78
570,59,56,42,55,33,33,3,4,75,35,9,40,58,46,6
572,20,80,12,15,10,30,5,30,15,5,0,0,15,75,0
573,60,53,33,73,7,4,0,0,10,15,6,10,10,76,0
574,20,86,25,25,26,8,10,15,51,20,5,12,66,51,3
575,90,15,75,100,90,90,0,50,75,85,50,100,70,66,75
576,77,21,66,73,29,6,100,100,60,69,16,89,41,0,38
577,56,38,63,77,38,41,55,61,60,69,45,59,56,59,65
578,28,81,12,0,0,0,0,0,20,0,0,0,63,91,0
579,10,91,20,50,31,10,0,50,31,5,0,10,15,70,1
580,92,52,68,92,74,62,19,18,87,67,51,68,79,47,38
581,38,64,63,83,24,20,75,34,17,21,21,15,14,87,67
582,13,98,12,74,0,1,1,60,74,11,0,25,5,8,0
583,95,10,95,85,100,10,0,20,75,100,95,100,90,10,0
584,20,100,0,50,0,76,0,0,25,9,0,10,0,100,0
586,60,91,60,81,15,82,0,0,30,61,30,30,71,71,15
587,80,88,70,70,12,0,0,0,0,63,0,85,5,50,0
588,60,52,17,26,54,55,53,53,65,54,30,72,64,52,61
589,20,91,6,29,8,43,68,9,70,42,2,16,47,54,51
590,30,70,39,38,19,20,0,0,60,15,10,20,55,70,0
591,91,19,90,100,80,85,20,40,75,75,65,90,95,30,30
592,98,30,100,100,100,85,0,0,81,100,90,100,100,75,75
593,40,60,60,60,80,10,10,60,60,40,40,60,60,40,70
594,3,89,4,2,2,2,3,2,3,3,2,3,17,51,3
595,89,53,65,71,78,72,59,77,87,54,41,81,86,18,47
596,100,40,100,100,51,65,80,100,51,100,84,100,51,19,51
597,95,20,85,100,85,10,50,100,100,85,65,75,100,0,0
598,60,29,51,51,63,63,63,64,61,62,62,63,64,51,65
599,49,51,51,28,36,17,30,49,51,51,51,35,35,57,48
600,90,30,80,100,91,76,0,35,100,81,18,65,100,76,0
601,40,85,60,100,10,0,60,60,31,10,0,10,10,100,0
602,100,29,0,100,74,74,0,100,100,100,79,79,100,26,51
603,100,1,100,100,100,100,99,72,100,99,99,100,99,2,99
604,100,0,100,100,100,100,100,100,100,100,100,100,100,15,100
605,80,60,56,71,80,55,0,0,45,60,50,50,55,40,10
606,66,40,66,80,75,34,34,88,41,69,38,68,61,14,37
607,100,10,60,75,50,80,25,70,75,90,85,85,95,5,70
608,10,10,10,100,100,10,51,75,90,10,5,75,75,100,0
609,5,100,5,5,0,0,0,0,0,0,0,0,0,90,0
610,10,91,20,0,80,0,0,0,30,25,0,30,6,70,0
611,80,40,71,92,92,7,8,41,74,80,40,80,69,3,60
612,50,100,0,70,50,0,0,75,10,10,0,0,15,56,0
613,22,70,15,22,1,12,1,8,65,32,1,4,67,54,19
614,91,17,91,100,84,99,90,100,100,100,89,100,100,86,92
615,80,40,80,80,80,90,0,53,82,71,59,73,73,63,51
616,82,12,72,89,18,95,95,98,90,74,69,68,80,56,82
617,73,70,72,72,72,65,82,100,61,55,12,57,54,96,82
618,25,80,25,50,30,10,5,5,50,30,20,30,30,50,20
619,92,20,34,96,81,15,62,29,71,93,82,95,76,21,63
620,19,33,90,90,70,60,0,0,30,51,0,82,60,40,0
621,94,11,29,65,93,55,81,82,74,82,57,67,77,29,65
622,82,34,11,11,11,77,73,78,33,33,15,36,45,44,25
623,80,61,76,93,63,77,99,99,72,73,64,74,76,84,18
624,100,0,40,86,80,41,65,75,74,83,81,83,77,14,66
625,71,31,72,97,69,28,64,63,60,52,29,61,64,13,28
626,95,14,84,90,79,74,4,71,84,78,68,85,90,86,78
627,95,5,100,100,25,0,0,15,70,100,80,90,75,20,0
628,81,24,72,72,71,71,100,95,95,86,72,92,93,7,88
629,0,100,1,68,1,2,7,15,1,2,2,3,4,51,2
630,91,11,83,84,82,72,81,60,89,89,83,89,82,13,60
631,97,22,89,75,79,75,14,67,65,83,71,89,77,38,63
632,10,20,70,10,10,40,0,0,20,9,10,11,17,30,0
633,90,100,75,100,10,0,0,0,51,65,0,95,0,95,0
634,85,16,35,90,80,20,0,65,55,65,40,65,55,35,15
635,100,5,100,100,100,8,100,100,100,100,87,100,100,0,81
636,60,95,20,100,70,0,80,70,70,45,45,45,70,60,25
637,100,30,51,70,76,83,0,51,100,100,100,100,100,51,100
638,20,100,0,80,20,80,80,100,75,20,0,10,80,80,0
639,57,41,74,74,86,62,65,100,78,80,100,80,87,70,68
640,70,54,30,70,35,0,75,100,70,40,25,55,40,40,95
641,66,64,68,79,18,19,15,23,45,28,35,51,32,63,13
642,82,29,77,86,65,75,9,16,67,76,58,81,73,28,24
646,15,69,42,74,24,82,26,41,40,45,19,39,37,54,9
648,75,70,40,60,70,10,0,60,40,20,5,40,40,80,0
649,10,100,5,6,27,0,0,6,30,0,0,5,32,5,0
650,73,3,26,87,79,78,3,75,27,92,15,78,82,90,0
651,85,22,74,69,71,78,74,77,80,83,77,75,34,34,36
652,100,18,20,100,100,100,100,100,95,100,100,100,100,4,72
653,39,79,22,87,37,100,98,97,63,25,21,35,90,72,66
654,77,9,60,87,76,60,12,74,74,76,100,68,92,9,74
655,100,5,100,100,57,100,16,67,100,100,100,100,100,17,75
657,20,90,19,20,90,0,100,20,60,15,15,15,60,90,60
658,40,60,30,75,100,100,64,85,60,60,30,50,0,30,50
660,54,100,0,75,0,52,0,53,0,0,0,0,0,100,0
661,90,70,70,100,60,60,70,70,30,55,10,90,40,30,30
662,100,0,76,89,80,32,33,33,100,96,100,94,80,86,89
664,9,84,44,37,61,82,23,77,38,29,4,13,1,67,18
665,34,64,37,98,73,76,100,100,84,57,11,70,2,42,20
666,81,56,74,88,38,8,0,0,62,69,42,78,61,0,0
667,100,49,50,100,80,90,100,100,75,80,60,80,55,25,50
669,81,29,60,80,70,80,30,49,72,73,41,72,71,51,70
670,100,19,51,90,94,0,0,0,100,100,100,100,100,38,29
671,90,9,75,90,64,96,100,100,87,75,79,72,66,18,40
672,75,42,62,95,44,63,82,78,68,42,60,59,38,29,23
673,70,81,82,90,57,92,95,94,60,61,43,63,63,75,23
674,100,24,38,100,100,100,100,100,100,97,29,79,98,8,73
676,22,58,43,60,31,7,61,64,64,60,45,59,60,47,26
677,24,73,18,100,63,82,41,74,63,56,32,57,59,57,65
678,32,55,41,40,87,18,25,53,99,62,62,65,66,50,79
679,1,100,78,0,1,0,0,0,0,0,0,0,0,100,0
680,90,40,70,90,100,61,90,75,40,69,50,70,30,50,20
681,100,10,95,100,100,27,51,90,91,97,83,100,99,8,97
682,23,3,34,31,60,0,0,0,69,69,65,64,62,75,68
683,93,14,88,100,74,90,68,82,94,92,80,90,98,22,35
684,70,70,81,90,81,65,65,85,51,51,40,51,51,0,20
685,70,55,39,66,68,76,36,68,74,58,57,61,67,46,61
686,0,50,50,70,0,0,0,0,10,0,0,30,0,0,0
687,55,75,65,75,80,51,0,60,80,51,0,55,89,45,55
688,70,86,15,61,0,76,0,0,100,61,13,59,67,59,0
689,4,96,4,88,25,0,0,8,0,0,0,0,0,15,0
692,100,0,100,100,100,100,100,100,100,99,100,100,100,0,81
693,88,90,78,93,86,96,92,98,78,36,34,74,77,96,74
694,100,15,90,100,100,10,75,100,50,80,15,100,100,10,5
695,50,80,50,95,80,5,100,100,10,25,5,20,50,70,10
696,80,20,100,100,100,0,0,0,80,85,87,89,80,38,0
697,100,0,100,100,100,100,50,0,100,100,100,100,100,0,100
698,61,39,63,63,64,57,65,65,71,60,60,61,76,6,22
700,70,40,60,75,75,30,50,80,30,60,60,60,55,40,15
701,70,62,48,83,56,75,0,17,65,32,29,27,16,63,10
702,90,19,90,100,90,75,0,0,90,90,60,90,91,40,0
703,0,97,0,1,0,1,0,1,59,0,0,0,81,98,2
704,21,100,10,70,0,0,0,0,30,20,0,10,10,51,1
705,16,95,10,29,0,5,22,23,74,9,0,8,80,72,95
706,30,90,5,51,0,0,0,0,81,10,0,5,20,50,0
707,75,0,50,90,80,90,0,100,30,70,40,50,30,0,0
709,97,93,67,94,94,12,5,6,38,2,2,54,4,10,2
710,70,80,70,100,15,2,60,70,80,50,0,60,60,90,80
711,100,30,60,100,100,40,0,100,79,80,0,69,70,0,0
712,80,50,70,50,81,0,80,50,71,51,21,51,51,51,20
713,89,53,89,88,89,89,85,84,43,70,77,77,45,24,31
714,54,48,5,9,4,85,0,51,10,43,1,1,14,32,1
715,28,88,73,94,57,3,0,73,33,40,33,21,27,79,0
716,79,26,87,95,84,65,80,82,80,75,71,84,80,30,75
718,100,40,71,100,65,66,30,31,100,100,60,100,100,33,66
719,41,79,70,89,84,1,0,1,57,45,29,55,39,22,3
720,15,83,21,63,55,77,6,7,32,9,10,9,23,68,10
721,61,41,59,87,55,3,64,64,45,63,42,67,40,58,21
722,100,20,100,100,100,35,0,60,100,90,90,97,100,37,51
723,71,35,64,89,58,34,24,99,5,24,3,73,18,28,8
724,90,30,22,59,61,63,49,47,65,63,23,65,68,24,59
725,83,6,11,96,95,100,36,64,80,91,76,95,93,9,27
726,69,91,0,0,57,100,0,0,60,28,19,61,0,100,0
727,71,10,75,100,61,38,65,55,77,86,73,82,71,12,68
728,27,97,9,100,10,10,3,6,12,17,0,39,18,92,2
729,99,3,92,99,88,63,42,69,100,99,84,98,99,2,82
730,83,55,44,88,62,65,11,70,73,72,22,76,77,89,71
731,60,70,50,80,40,30,70,60,40,50,50,51,60,70,30
732,56,58,24,81,27,31,75,93,25,29,26,26,80,27,55
733,100,0,78,100,100,10,32,93,100,100,57,100,100,10,92
734,79,16,55,84,76,84,19,59,24,58,59,60,28,34,20
735,55,20,10,15,5,5,10,65,65,50,30,40,70,80,95
736,70,40,40,100,20,10,30,25,75,70,40,50,80,60,20
737,65,90,75,100,40,25,40,40,85,85,50,90,90,17,30
739,11,82,5,13,5,9,1,10,51,8,0,5,43,96,20
740,100,96,93,91,81,79,93,67,80,95,92,75,68,85,99
741,91,5,93,95,95,79,71,94,91,98,81,97,99,0,96
742,30,70,20,60,40,30,0,0,81,55,30,45,70,20,0
743,100,51,32,100,65,0,0,70,90,71,73,74,75,3,0
744,100,0,60,100,80,70,70,90,100,100,90,100,100,0,90
745,0,100,0,90,0,60,0,0,10,0,0,0,0,80,0
746,91,57,89,93,87,90,90,89,90,96,88,92,91,34,80
747,94,0,91,95,91,65,52,72,94,95,94,95,98,20,100
748,100,5,83,100,84,61,100,100,95,95,85,83,100,24,100
749,0,100,0,20,0,0,0,50,75,0,0,0,75,0,0
751,30,65,78,97,0,0,0,0,60,55,3,58,56,24,64
752,95,30,84,92,67,9,64,88,81,68,3,100,85,35,17
753,61,15,34,64,47,64,92,90,65,43,39,47,58,15,19
754,40,60,40,65,25,15,25,60,35,30,30,30,36,50,5
755,25,75,25,100,25,0,0,0,50,0,0,25,25,50,0
756,82,31,0,100,4,0,0,76,14,0,56,100,22,33,70
757,80,17,54,77,48,73,15,24,34,74,45,74,37,24,62
758,48,60,60,82,40,0,50,50,20,33,32,26,8,53,50
759,91,63,58,100,80,100,24,82,70,75,75,74,82,16,6
760,75,15,94,92,94,24,9,86,85,80,64,65,16,67,6
761,78,56,63,92,77,5,19,100,90,90,75,90,80,51,80
762,100,0,100,100,100,0,100,100,100,100,100,100,100,51,100
763,84,8,71,97,94,18,21,44,78,91,91,91,82,9,81
764,88,15,15,90,21,86,21,19,81,79,23,76,91,5,15
765,84,71,70,70,68,66,68,73,70,68,66,62,64,60,66
766,39,62,22,49,36,19,22,20,35,39,16,51,39,15,24
767,10,90,5,90,0,0,0,10,10,0,0,0,29,60,0
768,26,71,27,60,29,1,23,42,30,22,9,14,21,40,8
769,5,95,20,100,50,0,0,0,10,5,0,70,5,0,0
770,100,13,76,78,100,5,5,5,61,100,72,74,61,43,13
771,70,86,88,91,23,55,0,37,39,35,39,36,36,50,50
772,100,21,93,99,59,8,10,30,95,52,98,78,96,100,74
773,18,81,5,97,0,0,100,100,5,33,0,57,0,87,7
774,81,26,68,81,96,90,0,16,93,96,67,81,77,20,64
775,100,0,100,100,100,100,0,100,75,76,84,84,62,0,76
776,56,83,31,80,53,5,0,0,10,15,13,22,16,13,0
777,83,33,77,85,82,33,27,38,72,90,68,71,78,36,57
778,81,18,37,84,51,1,2,64,41,66,66,66,66,14,0
779,66,78,15,21,57,8,84,93,37,16,12,6,13,84,17
780,87,14,75,70,100,39,24,44,51,52,54,58,53,47,23
781,24,87,76,100,100,0,100,100,0,0,0,0,0,0,1
782,100,25,90,100,95,40,90,95,95,100,90,100,90,10,90
783,40,71,51,71,9,9,8,20,30,40,2,40,21,51,10
784,75,25,70,90,60,0,0,100,10,50,30,75,30,20,0
785,100,0,100,100,100,100,100,100,61,85,75,80,85,0,70
786,99,6,55,100,99,82,0,67,100,100,100,100,100,10,86
787,83,31,70,80,100,35,0,0,75,97,82,76,23,18,59
788,51,51,17,85,0,100,0,100,97,56,2,2,1,98,0
789,20,81,90,100,10,5,70,97,70,59,51,72,58,98,9
790,75,20,69,80,90,45,40,60,80,75,65,70,75,32,65
791,72,22,4,99,61,65,2,60,57,70,22,63,78,65,55
792,76,16,75,90,88,24,61,78,78,88,61,80,55,34,68
793,100,0,100,100,100,0,0,80,100,100,90,100,100,20,0
794,41,56,13,76,34,54,0,6,60,39,34,57,62,12,60
795,82,21,65,78,69,17,51,61,59,58,57,61,72,24,51
796,90,20,90,100,30,50,0,0,80,70,100,100,100,30,20
797,100,8,100,100,100,78,7,9,100,92,94,100,100,7,87
798,92,36,72,92,82,87,26,64,72,72,65,74,51,31,51
799,96,55,96,99,97,96,6,74,93,96,96,93,97,10,87
800,30,74,20,95,71,16,0,55,10,20,10,46,13,58,12
801,90,30,70,100,60,75,100,95,90,75,30,80,90,35,90
802,60,49,20,85,42,76,66,81,58,41,37,41,73,39,60
803,82,48,70,84,73,91,0,66,76,69,46,72,79,29,0
804,86,36,77,96,92,91,73,56,37,60,55,87,58,67,29
805,70,55,60,90,10,0,0,10,30,30,0,28,6,40,0
806,70,35,61,81,62,30,18,8,30,31,13,13,26,33,59
807,19,84,0,91,73,0,0,0,10,0,0,0,0,51,0
808,100,0,100,100,100,100,100,100,61,100,29,66,79,0,0
809,30,100,30,70,50,10,0,0,7,0,0,0,5,0,0
810,100,0,65,100,100,22,0,86,100,99,69,99,100,0,70
811,29,68,67,67,58,67,23,21,28,26,24,25,15,36,26
812,10,92,10,31,10,0,0,2,51,21,0,1,5,89,1
813,85,92,65,80,60,70,48,47,65,74,40,70,75,58,32
814,99,41,91,97,99,98,19,90,98,99,95,100,98,21,25
815,100,60,75,78,100,68,90,90,70,70,55,76,69,38,68
816,25,72,60,60,20,1,8,78,8,7,8,8,10,7,5
818,56,81,53,100,13,13,54,100,56,56,19,57,42,64,58
819,100,0,84,100,93,58,0,86,71,90,62,96,79,1,58
820,90,80,100,100,90,0,0,0,80,70,31,90,100,80,0
822,20,90,45,80,0,0,15,20,90,0,0,0,50,50,70
823,14,93,53,53,7,10,65,89,11,12,0,8,2,36,22
824,80,48,55,100,48,49,51,51,100,88,93,100,52,67,18
825,55,45,35,65,60,80,45,80,60,60,30,55,55,55,52
826,77,51,79,80,68,70,2,84,64,66,66,67,67,12,66
827,100,50,60,85,100,0,100,100,100,50,50,80,100,40,100
828,62,89,82,100,13,0,0,96,62,31,30,58,59,39,0
829,80,51,20,90,100,60,0,50,90,75,50,80,80,50,50
830,61,52,75,85,98,3,7,60,70,56,4,70,57,35,26
831,87,36,57,64,55,45,61,40,58,39,59,47,56,42,65
832,20,88,61,81,100,0,0,0,64,77,10,100,69,60,13
833,50,20,40,51,70,35,90,90,60,55,20,55,40,24,63
834,54,83,2,6,2,33,1,11,41,26,2,6,1,98,1
835,8,96,7,8,7,97,7,6,5,7,6,9,6,98,7
836,70,100,60,90,30,60,0,19,60,20,0,80,80,20,0
837,100,51,100,100,100,88,0,16,31,72,31,92,30,93,0
838,55,50,55,75,15,0,0,0,55,60,0,60,60,50,0
839,100,30,100,100,85,25,0,80,60,60,49,100,40,51,25
840,21,91,72,81,32,31,0,23,70,30,31,30,31,68,13
841,59,66,73,73,5,4,2,4,34,61,31,63,65,56,4
842,30,80,50,80,50,5,90,50,40,40,40,40,50,40,30
843,18,87,16,33,19,9,6,16,8,12,11,7,6,80,7
844,0,84,0,50,0,0,0,0,100,18,0,50,100,0,50
845,20,85,10,10,10,5,0,10,5,5,0,10,5,75,0
846,100,0,100,100,100,72,50,50,100,100,100,100,100,0,100
847,10,92,10,80,10,50,0,10,50,0,0,10,50,70,10
848,63,63,86,0,62,0,100,100,90,62,53,66,63,6,56
849,100,39,100,100,100,41,31,20,82,89,70,79,86,33,20
850,80,30,80,100,80,20,0,0,70,70,30,70,60,40,0
851,60,41,60,81,61,3,0,0,30,40,34,39,14,69,0
852,30,95,5,10,0,0,0,90,4,20,0,80,4,8,0
853,91,8,76,100,50,85,0,5,71,50,23,75,91,90,0
854,100,0,60,77,72,100,100,100,90,100,91,91,100,12,100
855,82,14,91,87,70,60,1,3,84,84,84,87,96,10,2
856,21,83,47,56,29,75,0,12,36,12,6,12,18,28,0
857,100,0,100,100,90,70,0,0,100,100,75,100,100,80,0
858,72,8,79,86,2,57,2,98,71,73,8,97,97,1,66
859,71,71,71,81,30,30,0,0,71,32,24,50,75,10,20
860,95,43,63,89,64,36,44,70,72,61,39,63,64,35,70
861,30,85,80,90,10,0,0,100,20,30,21,30,30,50,0
862,90,15,75,0,50,10,0,0,100,60,10,75,100,25,0
863,71,52,70,69,59,3,3,4,51,58,55,55,55,25,19
864,22,76,36,54,10,38,0,0,31,31,13,14,34,14,0
865,90,41,6,83,0,0,0,0,81,19,0,8,0,90,0
866,100,51,95,100,75,72,0,43,52,61,68,80,59,0,39
867,10,80,0,90,50,0,0,15,51,10,0,50,5,51,0
868,61,41,59,69,39,72,72,79,41,55,38,57,39,70,34
869,91,21,91,91,91,21,21,51,92,91,81,94,94,51,40
870,50,100,50,70,20,0,0,0,70,49,0,20,51,87,0
871,60,40,30,80,75,35,60,65,75,60,25,60,75,40,30
872,100,0,71,100,100,100,100,100,100,100,100,100,100,0,100
873,78,25,71,100,35,31,60,60,43,38,38,60,58,38,39
874,61,91,50,75,50,0,0,50,60,20,0,40,61,100,11
875,3,90,2,16,2,1,20,21,21,6,0,6,3,87,2
876,32,63,37,1,9,0,0,10,14,12,35,58,29,40,0
877,85,50,30,85,95,40,75,90,60,70,55,75,85,30,20
878,21,78,29,77,15,18,0,96,34,15,16,13,25,10,0
879,84,42,56,53,36,76,2,64,61,78,38,67,71,37,1
880,1,95,2,3,2,2,2,2,1,1,2,2,2,96,1
881,91,51,73,76,80,4,0,85,92,83,23,82,97,20,0
882,36,59,41,70,63,65,14,65,19,29,24,25,35,65,21
883,29,17,16,76,30,12,13,16,82,93,39,32,66,66,51
884,71,43,72,72,73,0,0,0,72,72,62,73,73,0,0
886,80,30,100,100,60,40,100,100,50,90,60,100,40,0,0
887,5,96,8,18,5,5,0,53,2,2,0,2,0,39,0
888,96,20,96,81,96,0,0,90,60,85,15,100,57,10,0
889,51,61,39,59,37,56,3,14,5,51,52,65,15,51,9
890,37,39,13,61,23,29,99,98,22,38,30,29,66,72,93
891,40,59,35,59,51,34,8,7,41,29,29,51,36,43,9
892,34,83,23,61,14,58,5,82,71,17,5,30,67,83,3
893,22,69,39,77,0,26,11,84,84,31,24,72,58,87,10
894,27,83,51,80,55,22,17,48,13,31,8,51,16,69,9
895,27,81,9,9,0,0,0,9,54,27,0,27,0,0,0
896,64,69,33,93,56,3,0,0,68,65,22,100,69,100,22
897,36,66,18,85,9,62,77,81,62,73,5,10,73,87,5
898,100,10,60,100,65,23,0,74,80,92,79,97,75,39,13
900,85,62,87,86,51,2,44,59,79,69,51,91,76,26,51
902,100,0,100,100,100,100,0,0,81,100,100,100,100,0,0
903,87,33,68,67,68,18,12,12,63,64,57,72,72,21,24
904,30,73,8,29,24,15,0,0,6,5,2,4,14,61,8
905,80,20,70,80,90,95,100,95,100,74,34,83,87,5,50
906,82,22,51,68,87,69,45,45,91,68,39,70,86,33,94
908,0,100,0,0,0,0,0,50,0,0,0,0,0,100,0
909,19,85,11,44,51,77,36,14,57,31,0,31,62,89,27
910,99,49,79,80,91,0,0,100,83,83,30,100,100,5,1
911,72,17,80,79,80,72,73,73,60,71,63,75,66,33,40
912,51,51,51,83,25,70,62,63,41,51,51,56,34,68,9
913,65,33,59,77,76,31,21,15,44,48,32,36,47,61,20
914,21,66,15,32,60,9,0,0,66,19,9,16,38,56,3
915,88,14,30,100,25,100,0,0,70,50,51,52,51,90,0
916,70,30,30,70,90,0,90,90,30,65,0,75,75,70,25
917,91,6,97,98,91,96,62,97,94,88,95,96,98,4,94
918,90,50,50,91,51,51,51,99,60,60,60,60,60,27,67
919,70,60,54,55,65,79,32,33,81,67,33,64,64,46,60
921,58,30,51,96,27,70,90,65,38,40,35,36,14,52,0
922,100,0,100,100,78,90,71,100,80,100,62,82,78,70,61
923,80,60,90,100,100,10,50,100,100,90,40,90,65,10,100
924,40,70,10,70,20,20,0,0,30,60,10,30,20,51,0
925,44,45,36,88,65,64,75,57,70,67,35,68,68,21,22
926,10,91,11,92,0,0,0,0,21,9,21,4,16,5,2
927,74,18,25,100,35,26,24,73,12,17,4,16,16,63,34
928,40,92,73,93,61,37,3,0,41,31,0,51,40,73,0
929,68,22,37,86,27,73,11,29,89,83,70,95,85,74,60
930,80,41,68,81,70,61,49,63,62,72,57,64,71,60,72
931,53,65,76,83,70,73,43,75,63,64,71,65,73,56,74
932,61,40,21,100,55,89,100,90,55,40,40,41,38,55,34
933,70,60,80,95,75,70,0,0,60,40,0,60,0,60,0
934,83,29,86,100,77,8,66,76,86,77,35,76,81,26,20
935,70,30,70,100,100,65,0,60,100,90,70,95,100,40,70
936,29,81,43,71,35,23,0,65,41,40,40,37,37,79,10
937,2,100,2,2,2,3,3,1,2,1,2,2,2,97,1
938,100,85,100,100,80,0,100,100,100,100,52,100,60,100,52
939,96,7,77,88,79,72,73,58,85,85,90,90,88,52,65
940,20,70,60,80,56,5,0,0,10,20,5,10,30,59,0
941,85,30,85,100,90,0,100,100,75,70,20,50,50,85,50
942,100,8,100,100,85,65,0,10,100,100,51,100,100,6,9
943,61,71,19,20,63,17,0,90,15,60,0,36,36,21,0
944,26,79,31,31,14,61,0,0,65,31,5,26,25,91,3
945,78,30,100,100,99,100,51,57,81,66,53,77,77,33,51
946,10,89,5,9,2,1,0,0,5,11,1,17,12,55,0
947,10,81,11,76,0,0,0,4,10,0,0,30,0,25,0
948,80,11,62,100,90,5,5,84,39,79,38,82,74,11,78
949,90,20,67,82,10,100,45,46,90,97,77,87,92,31,29
950,81,86,88,85,96,15,0,0,51,28,24,84,85,79,0
951,40,78,87,76,70,0,0,76,78,64,5,77,86,21,10
952,70,35,45,65,90,90,15,65,70,30,5,75,90,100,70
953,75,36,71,24,63,1,77,16,38,35,35,59,30,68,28
954,95,13,100,100,100,100,100,100,19,96,95,95,96,8,95
955,56,66,74,73,72,72,51,43,51,42,23,60,56,36,38
956,70,40,80,51,20,20,0,80,60,51,51,52,60,60,0
957,100,30,100,100,73,51,0,82,92,100,100,100,100,2,90
958,100,55,90,88,51,1,97,100,82,80,69,79,72,83,5
959,79,46,55,89,69,77,90,87,65,81,60,89,85,35,68
960,10,86,8,9,1,1,0,3,82,16,9,7,39,71,58
961,84,73,92,88,65,29,21,21,7,9,12,23,5,67,8
962,70,81,30,51,29,7,5,5,72,40,10,48,45,80,10
963,65,32,83,52,47,60,0,99,68,54,55,60,63,30,45
964,55,55,40,57,22,25,30,33,30,30,29,30,61,73,28
965,58,5,53,86,70,65,0,0,71,71,80,68,68,12,2
966,87,73,64,78,20,57,57,62,70,57,37,62,55,44,57
967,100,5,55,100,100,0,0,100,100,100,55,100,75,8,55
968,82,40,60,97,76,33,13,24,23,61,9,59,72,35,57
969,0,100,0,70,0,0,0,0,0,0,0,0,0,55,0
970,65,90,72,82,43,33,46,66,30,58,31,61,68,53,37
971,27,66,37,58,15,0,0,98,80,8,17,37,29,37,0
972,100,0,100,100,100,100,49,51,100,100,100,100,100,0,64
973,11,92,65,86,7,6,12,15,15,8,10,17,5,68,0
974,90,60,80,81,62,32,64,35,40,57,60,59,60,46,40
975,77,5,0,100,60,100,0,69,100,100,97,100,100,53,100
976,28,63,29,60,54,56,50,55,24,17,10,12,11,51,10
977,23,85,34,65,55,0,8,11,25,11,11,18,13,72,6
978,30,30,60,95,71,72,0,54,37,36,16,64,23,11,0
979,85,14,72,83,81,94,69,74,80,62,58,71,15,21,33
980,70,60,78,90,89,79,54,54,66,69,46,57,22,72,10
981,92,88,93,92,93,17,85,88,88,95,90,89,88,8,74
982,90,10,30,70,100,83,0,0,100,100,95,100,100,50,100
983,20,50,50,51,51,15,20,10,10,20,10,10,10,51,40
984,30,60,51,70,70,5,30,30,55,45,20,35,60,50,20
985,2,98,3,85,0,0,0,0,2,0,0,0,4,97,0
986,0,100,0,100,56,0,0,10,5,11,6,11,7,46,43
987,0,100,0,80,60,100,0,13,0,0,0,0,60,100,0
988,0,100,0,0,0,0,0,0,0,0,0,0,0,100,0
989,91,15,91,94,91,69,65,79,71,98,90,100,82,1,68
990,0,100,0,0,0,59,84,73,0,0,0,0,0,0,0
991,79,34,75,80,85,91,0,56,59,73,73,86,60,40,0
992,100,58,90,100,80,0,0,0,50,60,20,60,60,50,0
993,80,70,20,90,0,0,0,95,75,65,64,64,64,44,67
994,90,75,52,86,86,86,0,50,40,61,56,76,51,25,0
995,60,19,23,87,81,97,0,60,100,87,59,87,100,31,85
996,92,30,83,95,96,100,72,85,35,85,70,86,40,13,85
997,60,41,80,100,100,0,0,100,0,40,40,72,0,0,0
998,84,69,23,85,32,77,22,79,87,63,53,75,83,30,84
999,71,45,73,98,98,74,69,96,29,56,56,56,39,34,58
1000,100,0,100,100,100,100,0,0,100,100,100,100,100,0,0
